{"cameraMode":{"drawMode":0,"name":"Shaded","section":"Shading Mode"},"sceneLighting":true,"audioPlay":false,"sceneViewState":{"m_AlwaysRefresh":false,"showFog":true,"showSkybox":true,"showFlares":true,"showImageEffects":true,"showParticleSystems":true,"showVisualEffectGraphs":true,"m_FxEnabled":true},"in2DMode":false,"pivot":{"x":2.8344342708587648,"y":11.823711395263672,"z":24.3015079498291},"rotation":{"x":0.006552393082529306,"y":-0.9807215332984924,"z":-0.19246385991573335,"w":-0.03204204887151718},"size":0.5722172260284424,"orthographic":false}