{"cameraMode":{"drawMode":0,"name":"Shaded","section":"Shading Mode"},"sceneLighting":true,"audioPlay":false,"sceneViewState":{"m_AlwaysRefresh":false,"showFog":true,"showSkybox":true,"showFlares":true,"showImageEffects":true,"showParticleSystems":true,"showVisualEffectGraphs":true,"m_FxEnabled":true},"in2DMode":false,"pivot":{"x":5.9431257247924809,"y":4.284581661224365,"z":5.541443347930908},"rotation":{"x":0.06025252118706703,"y":-0.008374723605811596,"z":-0.0003718357183970511,"w":-0.9980868697166443},"size":6.262629985809326,"orthographic":false}