{"cameraMode":{"drawMode":0,"name":"Shaded","section":"Shading Mode"},"sceneLighting":true,"audioPlay":false,"sceneViewState":{"m_AlwaysRefresh":false,"showFog":true,"showSkybox":true,"showFlares":true,"showImageEffects":true,"showParticleSystems":true,"showVisualEffectGraphs":true,"m_FxEnabled":true},"in2DMode":false,"pivot":{"x":-0.6347276568412781,"y":-6.712796211242676,"z":43.77608871459961},"rotation":{"x":-0.09107544273138046,"y":0.0021222280338406564,"z":-0.00004270431963959709,"w":-0.9957864284515381},"size":23.14333724975586,"orthographic":false}