{"cameraMode":{"drawMode":0,"name":"Shaded","section":"Shading Mode"},"sceneLighting":true,"audioPlay":false,"sceneViewState":{"m_AlwaysRefresh":false,"showFog":true,"showSkybox":true,"showFlares":true,"showImageEffects":true,"showParticleSystems":true,"showVisualEffectGraphs":true,"m_FxEnabled":true},"in2DMode":false,"pivot":{"x":2.7625129222869875,"y":10.915180206298829,"z":24.318084716796876},"rotation":{"x":0.0005360996583476663,"y":-0.977043867111206,"z":0.2128569781780243,"w":0.001405381946824491},"size":0.5722172260284424,"orthographic":false}