{"cameraMode":{"drawMode":0,"name":"Shaded","section":"Shading Mode"},"sceneLighting":true,"audioPlay":false,"sceneViewState":{"m_AlwaysRefresh":false,"showFog":true,"showSkybox":true,"showFlares":true,"showImageEffects":true,"showParticleSystems":true,"showVisualEffectGraphs":true,"m_FxEnabled":true},"in2DMode":false,"pivot":{"x":-1.2626850605010987,"y":0.9815937876701355,"z":6.868763446807861},"rotation":{"x":0.02724548801779747,"y":0.05157056823372841,"z":0.0015399258118122817,"w":-0.998235821723938},"size":6.262629985809326,"orthographic":false}